{
	"partitions" : [
		{
			"name" : "Top",
			"pins" : [
				{
					"name" : "pop_out",
					"strict" : false
				},
				{
					"name" : "n_out2",
					"strict" : false
				},
				{
					"name" : "n_out4",
					"strict" : false
				},
				{
					"name" : "n_out6",
					"strict" : false
				},
				{
					"name" : "d_out01",
					"strict" : false
				},
				{
					"name" : "d_out02",
					"strict" : false
				},
				{
					"name" : "d_out03",
					"strict" : false
				},
				{
					"name" : "d_out4",
					"strict" : false
				},
				{
					"name" : "d_out6",
					"strict" : false
				},
				{
					"name" : "a_out3",
					"strict" : false
				},
				{
					"name" : "b_out3",
					"strict" : false
				},
				{
					"name" : "c_out3",
					"strict" : false
				},
				{
					"name" : "d_out3",
					"strict" : false
				},
				{
					"name" : "e_out3",
					"strict" : false
				},
				{
					"name" : "f_out3",
					"strict" : false
				},
				{
					"name" : "g_out3",
					"strict" : false
				},
				{
					"name" : "b_out2",
					"strict" : false
				},
				{
					"name" : "e_out2",
					"strict" : false
				},
				{
					"name" : "g_out2",
					"strict" : false
				},
				{
					"name" : "c_out1",
					"strict" : false
				},
				{
					"name" : "e_out1",
					"strict" : false
				},
				{
					"name" : "f_out1",
					"strict" : false
				},
				{
					"name" : "g_out1",
					"strict" : false
				},
				{
					"name" : "b_out0",
					"strict" : false
				},
				{
					"name" : "e_out0",
					"strict" : false
				},
				{
					"name" : "g_out0",
					"strict" : false
				},
				{
					"name" : "in_25",
					"strict" : false
				},
				{
					"name" : "in_30",
					"strict" : false
				},
				{
					"name" : "in_20",
					"strict" : false
				},
				{
					"name" : "q_in",
					"strict" : false
				},
				{
					"name" : "n_in",
					"strict" : false
				},
				{
					"name" : "d_in",
					"strict" : false
				},
				{
					"name" : "clk_50",
					"strict" : false
				},
				{
					"name" : "clk_in",
					"strict" : false
				}
			]
		}
	]
}